actual,predicted_mean,predicted_std,CI_lower_2.5,CI_upper_97.5
230.301,231.07161666666593,1.30948901855733,229.89299999999994,233.57295000000002
174.18,190.75019666666682,20.59744838626027,156.310425,235.452
178.35500000000002,180.6750900000005,5.950397841760945,177.243,198.45
236.772,236.6631433333333,0.24573904069606503,235.82200000000003,236.805
238.27300000000002,238.67497999999978,1.5271034955976852,238.399,240.19099999999997
238.084,237.24962666666687,1.5317002493815666,235.87455,238.85700000000003
198.08100000000002,191.31157333333346,7.027485579111654,170.17350000000002,198.218
207.73,207.68033999999983,0.1722565849733114,207.54299999999998,207.95100000000002
170.231,170.21385666666657,1.0187127184780245,168.673,171.053
183.214,182.9499033333335,0.9943246522081641,180.925,183.50099999999998
210.33800000000002,210.37924000000004,0.4118681209643017,209.953725,210.969
190.49200000000002,190.33840666666615,0.1758158732563411,190.012425,190.69
168.194,168.3568699999998,0.799308767894693,167.7651,171.82842499999998
196.923,198.31960000000043,3.9978899768086,192.633475,209.22195
163.435,165.58326000000002,4.060716783081533,161.35,172.807
166.20700000000002,165.52995666666655,1.5576236755997526,164.365,169.435
166.189,167.38340666666687,2.1493116730608333,163.889,171.368
177.341,176.63459333333313,2.3493883149922694,174.418,182.392
198.002,198.15072333333336,2.546280424486318,197.438,199.207
183.40500000000003,189.03900333333345,6.961171801978144,180.245,206.51205
180.771,181.79724666666655,2.7873123038431795,179.773,185.718
207.358,207.25540333333322,0.6307339539421957,206.41,208.85097499999998
178.21699999999998,181.518643333333,13.132325139750456,157.8219,216.29899999999998
184.875,184.60807999999972,1.5133372768817843,181.75187499999998,187.25052499999995
227.303,227.41984999999897,0.542884340813035,226.04299999999998,229.01767499999997
215.57299999999998,214.49579666666705,2.7652468778252333,209.0633,222.86294999999998
186.544,186.128853333334,1.3336361992020989,183.915075,188.302
226.02300000000002,225.42497333333347,1.3554267172944274,221.482975,228.3459
179.505,179.66605333333402,1.6759273683015674,178.596,180.91899999999998
238.47899999999998,237.9476866666668,0.6080811748077279,236.742,238.648
175.51999999999998,175.55781666666644,0.8060000804728369,175.30700000000002,177.385
234.752,234.84043666666656,0.3820908783551652,234.431,235.787
244.14,225.54807999999994,7.493413595525077,211.75799999999998,238.44199999999998
154.02599999999998,155.2480933333331,3.10251762465403,151.351,160.50099999999998
235.85699999999997,235.19794666666692,0.8185574774090212,233.45599999999996,235.905
177.48399999999998,179.66687666666613,3.388267154184011,175.636,184.134625
203.66899999999998,203.64824666666723,1.7180373179364303,202.377,205.408375
167.34699999999998,167.2450966666662,0.41552652621570335,166.75395,167.73499999999999
157.437,157.5114499999999,0.46952141679941845,156.86435,158.44
230.28999999999996,230.32563333333383,0.39537977383214307,229.729,230.65300000000002
226.12800000000001,220.51096999999976,7.57842081631127,198.17215000000002,226.475
166.758,169.12661000000006,6.255428626766249,156.79500000000002,195.24559999999994
155.39000000000001,155.13071666666636,0.5139316780684249,154.402,156.315
205.279,203.84401000000028,2.2988934707593565,197.901,206.90392500000002
182.96699999999998,183.3844366666666,0.5553027336407502,182.38500000000002,184.273
168.63100000000003,168.54271000000017,0.6955064719804309,166.49985,169.11
203.221,203.4681466666667,2.383211745765691,197.75570000000002,209.05447499999997
195.279,195.47292333333272,0.7987683628284009,194.818275,197.377
155.985,156.43653999999987,1.5584052131586261,154.6928,160.50099999999998
177.678,177.95775666666617,0.9990866849889579,176.42624999999998,179.72799999999998
212.168,212.0545466666662,0.36416460722529753,210.939,212.384
165.77,165.88282999999979,0.8004609928659848,165.05200000000002,167.49599999999998
179.487,179.96978666666658,1.536994073233709,177.669,182.302
198.726,199.5239699999997,3.8645070943696527,196.042,203.4507
167.854,167.28846666666684,2.94662293858957,164.077525,171.515
217.43699999999998,218.05854333333366,1.6336703160232662,217.298,224.812
184.59199999999998,184.5448966666665,1.3656488614045563,182.49200000000002,187.375
155.817,157.36916666666656,2.875035168287313,155.209,163.20009999999996
177.99400000000003,178.42019333333315,0.4664872587994471,177.6954,178.92372500000002
181.909,181.4533166666667,0.6294995602769672,180.25400000000002,182.49200000000005
184.399,183.86608000000012,2.3220335125919265,178.64,188.251
167.412,165.31609000000026,1.6866318928266446,163.023,169.06534999999997
180.291,182.2091600000005,3.4559529136067066,177.447,192.93184999999997
209.121,208.9608900000004,0.6874918650912659,207.434425,210.852
213.26299999999998,212.9044966666667,2.5297286303716975,210.253,213.552
152.72699999999998,153.21642333333267,2.2273113786481606,152.54199999999997,162.28967499999993
169.245,173.08022000000008,6.101429293064591,163.814175,188.764
232.086,231.78381666666718,0.5358902465886894,229.99200000000002,232.15299999999996
154.695,155.54229666666637,0.807166691988436,154.95332499999998,157.108
167.849,167.83647666666687,0.7953149498504105,165.897475,169.304925
205.765,205.67121999999964,0.3264440507447872,204.75799999999998,206.55599999999998
206.055,206.35029999999963,0.8659994207080429,205.808,208.112525
225.85,226.42154666666679,2.7620115799580187,222.882,233.644
154.874,154.9463666666667,0.2902266910920181,154.558,155.77
180.159,180.51328666666623,2.317779367804928,178.75697499999998,186.23107499999998
229.68099999999998,229.67445666666686,0.2782179866978773,229.08700000000002,230.18800000000002
152.58499999999998,153.10735666666667,1.8716901300132194,149.79962499999996,157.311725
223.439,222.54382000000004,2.280167746957819,216.81609999999998,223.68900000000002
187.96099999999998,191.7584033333331,5.949827821653525,183.607,205.556
196.603,198.2033733333336,1.4988884928357897,196.18800000000002,200.953
236.41000000000003,236.41975999999966,0.30831711337517553,235.361275,236.494
198.988,198.90195666666713,0.9565090946364445,196.07299999999998,199.76299999999998
167.28500000000003,167.1770433333333,2.793999823691642,164.331,174.33102499999976
224.70700000000002,222.9792033333333,2.1215097160565164,220.07215,226.226
152.42200000000003,154.93949000000012,7.017156753978066,135.391,168.387
204.485,204.36238666666628,0.6019275791063948,203.697,205.31269999999998
182.25300000000001,182.2444399999999,1.9973502396258243,182.11700000000002,182.59839999999997
197.131,197.14745666666659,2.357956434737975,194.987,201.716
176.97899999999998,181.77452999999997,4.86047203425415,177.242,192.878
176.863,177.15964999999966,1.1341921798501917,175.42700000000002,178.49935
164.915,165.1795966666669,1.290088878329274,164.0806,166.82045
226.992,227.34836666666664,1.490017292591674,224.41635,229.570725
179.62600000000003,179.9014933333335,1.4208447733498406,178.342,183.40999999999997
174.60999999999999,174.56531666666606,3.095507757442856,164.692,178.632
205.90800000000002,205.24615333333307,0.94609302387356,204.07,207.14905
200.568,201.0799866666664,0.5404653672119597,200.38099999999997,202.0187
223.586,223.65661333333304,1.149211876529109,221.034775,226.411
155.34,155.48501333333297,0.32599107322474946,154.268,156.049
175.604,175.90496333333343,1.648854514096243,175.30700000000002,180.93502499999994
238.27299999999997,237.95628999999997,0.450361276347478,236.42322500000003,238.57099999999997
230.491,230.37634999999995,0.1519275073842739,230.18800000000002,230.65300000000002
223.41600000000003,219.86426333333355,7.186525026788375,198.211,224.03500000000003
220.302,220.95738666666642,1.7572233619611985,216.834175,224.60999999999999
200.091,200.69928666666667,1.9042074268547766,198.25,204.71400000000003
155.099,155.4018666666665,0.44030745571197827,154.372,156.601
194.49699999999999,197.18078666666676,6.271561700870229,184.261675,205.556
154.222,154.63071999999963,1.0486085232026945,152.342275,157.411
166.60000000000002,166.6734600000004,0.4145779641997396,166.135,167.677675
181.59699999999998,179.72175333333345,13.582274047908498,158.84345,216.29899999999998
183.6,183.7947300000002,2.3149300199142098,182.657975,185.11700000000002
202.36399999999998,202.42598666666717,1.304419037920288,200.357375,204.35800000000003
180.485,180.35720666666703,0.6490526151930143,178.96885,180.92500000000004
194.721,201.32142999999994,7.921648450402654,187.9793,214.03300000000002
153.842,154.87110999999973,2.968288523358196,151.351,160.50099999999998
198.082,198.04012666666625,1.1626985295519305,197.1911,198.487
223.327,225.2515366666663,4.205886568686263,218.881,231.6282
234.32399999999998,234.53549999999987,0.4229369653585144,234.10999999999999,235.797625
183.439,183.39349000000027,2.128467347623637,179.691625,187.315625
191.888,189.33231666666651,6.76811133796243,164.158175,196.888
214.458,216.13174333333356,1.4668531183417421,213.425625,218.291775
163.306,167.07706666666684,6.2597733528370645,162.21425,182.43889999999996
171.471,172.6652966666668,0.9992399688374263,171.691,175.22297499999996
165.60000000000002,165.4333033333335,1.2035080160329454,162.14262499999998,167.037
163.166,163.2303266666663,3.0271377482074056,159.514575,174.47400000000002
148.26,148.7803466666669,2.36715162445408,147.799,154.27992499999996
197.858,197.6910799999997,0.2785752925153265,197.19819999999999,198.084
176.755,176.21824000000038,3.37055999438274,170.27575000000002,180.252
209.838,202.39615333333327,8.499831720480643,188.981,214.03300000000002
164.78300000000002,164.7865233333331,0.06795937111408522,164.71669999999997,164.90699999999998
156.606,157.0388766666668,3.1678627802966606,154.95,165.539
238.16,238.27574999999993,0.3529951380685043,237.42340000000002,239.26572499999997
167.149,166.9955633333334,0.23894781715307922,166.802,167.219
175.931,175.66289333333364,0.493866819384428,174.534,175.836
180.06,178.9937833333334,2.0154685451251475,174.28274999999996,180.92900000000003
194.98899999999998,195.0719833333333,0.9796193187775644,194.068,195.731
224.36499999999998,223.4608966666667,3.983361027991591,219.12,225.169
226.005,226.58576333333346,3.338852843016925,222.69707499999998,238.44199999999998
187.755,187.63317999999967,1.9220442106257627,180.91899999999998,189.096
183.03,184.8898,6.656465353323786,179.548,205.71009999999998
178.554,179.44605,2.2516495244227843,177.858675,185.01255
155.716,157.5567766666667,2.658832960803581,156.243,159.451
208.128,207.2100500000002,2.8256238687235062,198.20165000000003,212.334
238.894,238.89402666666652,0.05187882633813018,238.708,238.942
154.54999999999998,155.57132999999993,1.4561897865434033,153.995,159.0962
211.831,210.55858333333353,5.750546494295616,202.93,225.00199999999998
180.037,179.57823333333346,2.2035509733659984,177.8947,187.87777499999996
219.57600000000002,219.2276066666668,1.142281435821409,216.10835000000003,222.48154999999997
152.24599999999998,153.6863366666666,2.620614328102394,149.63400000000001,162.544
172.52700000000002,172.95544666666655,0.8370992934864762,172.0303,174.4104
221.719,221.21321666666685,0.6666575855631477,219.71065,222.03300000000002
196.38,195.18390000000016,3.266895222786716,188.942675,197.901
227.09,226.9439200000007,0.8705885596920433,225.496075,227.107
148.176,148.65817000000035,2.0653841227319814,147.799,152.54000000000002
187.04500000000002,187.02947666666648,1.190528586856369,185.082,188.87267500000002
205.108,200.94125333333332,2.8093168723295636,197.6636,204.358
239.10599999999997,239.10533666666703,0.058666316192132556,238.98264999999998,239.24577499999998
214.44,202.8835233333329,12.650979484982795,176.07237500000002,223.31600000000003
199.97,202.45784000000037,2.790045015359666,195.859875,207.382
222.023,221.72872999999967,2.383162278101654,215.59199999999998,224.90699999999998
159.691,159.0825999999999,0.20106342282971237,158.886,159.614
237.31599999999997,236.90510666666646,0.5830044270462788,235.74699999999999,237.327
156.21,157.1996400000005,2.974377310250558,155.30899999999997,168.45989999999995
194.912,194.71444666666687,0.9895208472566676,189.794,195.40800000000002
236.614,236.22453000000027,0.3907817410012887,235.637,236.75100000000003
220.56300000000002,223.6055633333336,2.109356318719577,220.2544,228.8131999999999
179.76999999999998,178.85424999999975,2.6303267365164618,174.80124999999998,184.247
229.71899999999997,231.6595333333332,2.2393347186658428,229.73280000000003,239.462
159.328,159.6057633333334,0.39095955543878247,159.03889999999998,160.76672499999998
221.068,224.7287633333333,2.4723004902294705,221.01317500000002,230.432
165.86200000000002,166.0087566666667,0.5061072720173956,165.2035,167.981
238.048,237.7069766666671,0.49553246391017763,235.877325,238.06099999999998
197.231,195.419313333333,1.9565224000307855,189.794,197.4389
221.937,222.12698000000017,1.2750590651416904,221.26274999999998,223.503875
167.54999999999998,167.658346666667,0.8604111961666306,167.1,167.987
180.91400000000002,181.7068966666668,1.4107480613687071,180.75199999999998,185.75799999999998
171.19400000000002,171.09063999999992,2.104164484318338,167.30384999999998,172.980575
181.02,182.07126000000054,1.6084732323127633,178.615,183.17235
175.98900000000003,176.0331300000002,0.10642800273737377,175.933,176.28300000000002
214.824,214.69215000000077,1.0626461942559513,212.7788,216.051
223.385,220.54342999999994,5.957499825578404,202.368925,224.03500000000003
156.768,157.59611333333373,3.447951709902885,155.30899999999997,169.925
175.836,176.2780700000007,1.2877137874672862,174.4248,177.698
171.49099999999999,171.93613666666664,2.326108704393573,168.44895,179.49915
181.276,181.1277366666672,1.5342351169194686,179.41099999999997,182.99247499999998
180.414,180.73957000000004,0.8909057479703811,179.774,181.59
198.155,199.28052666666719,2.424710292513766,196.18800000000002,203.47400000000002
201.84500000000003,200.6932133333336,9.146097606875228,177.011225,218.411
151.72400000000002,152.73032000000018,4.499194719532224,149.493,168.68559999999997
180.65200000000002,181.08811000000003,2.2092167672201546,179.774,182.78300000000002
223.72499999999997,220.80499000000054,7.380133323766372,186.19897500000002,224.03500000000003
175.27499999999998,175.57083666666628,0.6462181597486155,174.418,175.928925
216.27599999999998,221.6774466666668,4.138040304357719,216.809,233.644
199.40200000000002,192.64291333333327,13.103159701861584,164.60399999999998,215.36752499999997
204.041,203.9447299999997,0.5134619918747616,202.58395000000002,204.81
155.33499999999998,157.78763666666674,8.781921094573907,154.402,181.40957499999985
235.97000000000003,235.79103999999964,0.3462899532665273,234.457,236.187525
186.43,186.84226666666635,2.5324097026788985,184.08800000000002,191.174
230.313,230.31266666666662,0.17437028289119183,230.167525,230.65300000000002
202.58300000000003,202.3515866666665,2.448672448999436,198.211125,206.296775
152.53,152.92044333333308,2.52674647721576,149.001,158.50185000000002
186.483,186.21846999999997,1.8846319841726826,179.856,188.200875
157.998,157.7976900000001,0.5478988597968326,156.2079,158.447
229.79,229.7175700000003,0.2186023599293178,229.075975,230.02420000000004
171.588,172.31791666666714,3.664552759849724,168.499,180.571
164.858,165.0973533333332,0.8541373319450596,164.09222499999998,165.87800000000001
209.228,200.84192333333323,8.420000563586028,185.25335,214.03300000000002
156.233,159.1313800000003,2.209186022558228,156.01600000000002,162.150375
167.63299999999998,167.77819333333352,0.2220780552468477,167.4315,168.11
188.756,188.1244466666664,5.066809829385304,184.574325,211.44447499999998
166.627,166.3131633333334,3.4116811237260887,161.42700000000002,179.06757499999995
237.49699999999999,237.51133000000078,0.21196982749124652,237.197,237.93895
196.96800000000002,194.40445999999966,5.0705060971991145,187.073,202.37199999999999
155.16500000000002,180.55500999999998,26.406876489970678,155.039,235.452
182.17,182.2255999999992,0.30220239354886813,182.11700000000002,183.137
180.558,180.15479333333354,1.4598673309433172,177.517,180.925
176.315,176.4119433333333,3.310331762848283,171.427,183.9619249999999
235.326,235.60158333333354,0.6051459408458678,235.176,236.782
194.469,184.94592000000014,6.081653744961155,178.596,197.95564999999996
199.834,201.0692999999998,1.6067646239156084,198.47525,204.404
197.394,196.79625666666658,2.1234618097473668,192.8586,198.218
167.824,167.62764666666712,0.2727277674817027,167.40300000000002,167.73499999999999
215.52200000000002,200.04610666666662,13.127898227132768,182.225175,223.31600000000003
203.282,203.20206666666672,1.0090681619967812,202.15499999999997,205.05800000000002
164.685,164.76658999999992,0.2143288638984547,164.61399999999998,165.34
216.652,216.92426666666734,1.4733743071225596,215.59199999999998,222.15839999999997
197.536,198.41497333333385,1.9963502646802433,196.042,201.48255
157.092,157.89730999999998,3.945365743151484,153.0127,170.57600000000002
166.651,168.24896666666666,2.0252617112089193,166.48600000000002,174.748
167.639,168.05704000000017,1.5026921746430082,165.593975,171.17277499999997
156.358,157.07738333333296,2.739695824306463,156.073,159.26999999999998
172.86700000000002,173.1635233333331,0.8820193966814027,172.66699999999997,173.835
178.968,178.65685333333292,1.714502415227882,175.98,183.92800000000003
179.167,178.68372333333318,3.704432323598616,172.60295000000002,190.72244999999998
150.837,215.44132333333306,11.245375474335605,178.946,224.812
209.266,209.14030999999977,0.8820762819809478,208.003,209.411
188.73899999999998,188.53742,2.431016197039145,185.087925,190.93675
202.474,202.5593966666662,1.0237692021750913,200.88199999999998,204.675525
172.53000000000003,171.10741999999982,2.2305561795809274,166.16500000000002,175.883175
157.456,155.52175999999977,2.970302261117547,154.372,156.46515
183.29500000000002,183.2624333333334,0.717521761961886,181.85,184.641
230.32600000000002,230.20312666666635,0.27952039392899924,229.29192500000002,230.504
177.314,177.10834333333335,5.090213182712064,161.997,181.25900000000001
181.398,181.05876333333347,3.1385422307161805,175.60399999999996,185.325775
161.462,176.1049633333332,20.394997096722577,150.827,216.29899999999998
159.58,159.84750666666682,0.3724905859511405,158.998325,161.104
197.267,199.43490000000088,3.96044856087456,196.30180000000001,201.09800000000004
238.791,238.47149666666692,0.4974259710304267,237.197,238.9746
215.522,209.76792999999952,11.786343048564015,185.1627,218.00099999999998
156.928,157.20165333333333,0.3718195796649545,156.69,158.084
181.162,181.15120666666644,0.8375550234395867,179.107,181.74265
230.118,226.65169333333324,3.2859022260695605,221.395,231.43500000000003
238.019,237.9899033333335,0.17624957869138244,237.88095,238.059
201.825,204.46803666666702,4.180308446592861,197.44,211.99300000000002
178.68800000000002,178.80394333333314,0.6056157363561679,178.60199999999998,179.191
184.31799999999998,185.22528333333355,2.240045436233135,181.16699999999997,187.88700000000003
158.708,156.30792,1.18730212678436,154.402,158.70499999999998
201.57999999999998,201.8704133333334,5.1522605571880336,193.92099999999996,217.81399999999996
169.681,170.95481333333348,8.735145695702828,163.852,197.96300000000002
215.21,215.24683333333323,1.0059414192133118,213.633,216.330975
233.119,233.66411000000014,0.36265841306478214,233.25199999999998,234.598
222.827,223.04784999999998,0.46783647517054416,222.25357499999998,223.607
211.77,215.16845333333336,8.556157360315952,192.82999999999998,230.05042499999996
166.124,166.30182999999985,0.15763373507385353,166.238,166.643
160.54500000000002,161.8016399999998,3.0786694328990025,160.15200000000002,169.00300000000001
163.675,165.61615666666646,5.113285917306216,156.947,185.81432499999985
201.529,201.31271333333282,2.2952115830911026,197.689025,204.984
186.323,186.3020599999999,1.373143210448204,182.856,187.88700000000003
152.559,155.35941000000017,6.762023705610127,149.064,174.81699999999998
210.15099999999998,209.93057666666664,0.48534615563418904,208.50099999999998,210.482
183.743,184.8366733333334,2.3302597537518293,181.091,188.7266
155.797,155.76686999999995,0.44912983991269584,154.605025,156.33100000000002
202.29999999999998,202.0848733333338,2.0324488457578047,199.01999999999998,202.94500000000002
189.05100000000002,184.48679333333328,11.001820509228876,158.8502,207.37862499999997
182.53599999999997,182.79432000000006,2.240376574953417,177.960225,186.98200000000006
175.26500000000001,174.9479133333331,1.3684054878418,173.35935000000003,176.047
223.243,222.42346666666683,2.2827790933178154,216.81609999999998,224.381875
170.137,170.11495333333323,0.7117592648891569,169.37685,170.429
154.73200000000003,153.73373666666623,1.6365235207563962,149.6046,156.92684999999997
168.305,177.89813999999984,11.305117169983996,163.023,198.825
221.904,221.44829000000013,0.5698461598536937,220.08999999999997,222.306
230.02300000000002,230.08425333333318,1.0511635120929386,229.662,231.23835
215.43200000000002,204.6589166666666,6.206984087009479,193.921,226.83727499999995
173.363,173.01122666666697,1.8670176651428723,169.238,178.235475
177.521,179.46652666666705,7.0691433730890365,177.243,198.45
154.364,155.46677,1.567289510726507,153.995,158.66469999999998
177.944,177.49189000000055,1.356237004079054,174.498,179.66099999999997
233.02200000000002,237.18036666666652,0.9180424965956345,235.89255,238.648
154.19,153.9974766666667,3.234818319904362,148.81367500000002,163.52647499999998
234.80100000000002,235.86328333333338,5.541460135173958,221.87099999999998,240.208325
200.213,201.27432000000036,4.660061049414125,193.921,208.341
217.047,217.19556999999972,0.42539661309574844,216.511,218.327
209.088,208.75358333333352,0.4759024161760691,207.928,209.70055
156.357,156.85045333333346,1.3844615660328798,154.63580000000002,158.469
166.934,167.0681566666666,1.3262121746244913,164.61599999999999,169.671
223.62600000000003,223.49828666666698,0.16489490942885698,223.28699999999998,223.68900000000002
188.154,188.18844999999956,3.17931601671911,186.38799999999998,189.516
239.127,239.19729000000046,0.06849408173946982,239.07999999999998,239.352
164.366,165.16050000000013,1.4581488024203855,164.365,169.435
163.596,163.55745666666627,1.3473877274646018,163.394,164.5288
213.526,213.34092000000047,0.6824624045322932,210.501,213.633
207.603,206.92886333333314,2.7695853223883287,202.932,210.0101
167.40999999999997,166.6776599999999,2.8483778338556145,162.78500000000003,172.41402499999998
159.606,159.80499999999964,0.39655593972771697,159.083,160.375
169.77300000000002,169.7563033333334,1.5192120516862966,166.25,172.4377
181.385,180.91856999999965,0.9712133537144796,178.624975,183.10999999999999
173.022,175.71444000000002,4.610927659347232,164.82,180.54399999999998
170.94,171.08191666666693,1.3594617990423863,168.783,174.833775
166.749,166.99556000000013,0.441048379508036,166.135,167.712
200.17700000000002,199.1955366666663,1.803567798001751,196.053,203.29507499999997
158.864,158.4645233333333,0.2021569261462203,158.164675,158.7362
182.394,181.83534333333324,2.51547974326745,177.257,185.718
202.828,203.31886333333318,2.5239254541267444,198.027775,207.21002499999997
166.34,166.61341999999993,0.3787805832756838,166.135,167.248
201.428,199.868716666667,2.1709774318776818,196.042,201.829975
152.72,152.70783000000037,0.8300906904870892,152.358,153.216
200.46800000000002,201.2735866666666,1.5492808640857303,198.939775,203.972
160.757,161.93239333333312,2.734054969934257,160.15200000000002,169.00300000000001
202.377,202.5002100000003,0.6342977685861256,201.471,203.465
208.544,206.18790333333368,2.3086881586712606,202.80294999999998,210.75775
178.643,179.80191666666622,1.4973365652792354,177.669,182.372875
223.4,223.47701000000006,1.0730148973336735,220.4253,224.29405000000003
196.753,195.99008333333313,2.0023772396135096,189.094,197.551
229.581,229.46247999999977,0.44716762285895956,228.837,229.64899999999997
216.056,216.54389666666668,1.6450969533704989,215.23499999999999,220.66709999999995
212.4,212.04370666666583,2.426240938974432,204.56300000000002,214.00269999999998
226.61800000000002,226.1811800000002,1.7808266959289796,223.38500000000002,229.25162499999993
155.86400000000003,156.26736666666645,6.9963589444002166,151.311475,166.60205
155.221,155.51698333333323,0.35913030558404435,155.036,156.61100000000002
237.37,237.38787333333337,0.09705539975819114,237.21165000000002,237.49900000000002
163.917,163.88567999999992,1.1101903759866323,163.394,165.42757500000002
204.28699999999998,204.4787099999995,0.4570580188189074,203.579,204.853
171.409,170.90245666666695,2.0661564448968757,167.15294999999998,174.72312499999998
184.949,187.91519333333343,7.862120414745352,180.91899999999998,208.00817499999997
230.76999999999998,230.36342999999985,0.31641354548544326,229.679,230.65720000000002
182.091,182.51418999999964,2.3845942591071236,182.11700000000002,183.50099999999998
195.6,195.9544066666664,0.8238672150022437,195.169325,197.256725
189.066,203.31322666666654,14.961306774096377,178.946,221.40857499999998
191.23,190.68629999999965,2.075527597985632,184.038175,191.25699999999998
190.8,190.35100333333295,3.207651392632244,182.89274999999998,198.0944249999999
157.80800000000002,157.748843333333,0.613332834157411,157.009,158.901
163.404,164.0037933333332,0.4828271436261896,163.522,164.65015
171.329,170.80273333333298,1.05405813670573,169.026725,172.369
203.634,203.8774466666666,0.8351122282796589,202.39299999999997,206.98719999999997
205.18,208.6362000000002,3.877337062985365,202.688,217.109375
179.137,179.24991333333378,2.7782325939025037,169.55125,181.587
207.55200000000002,206.9718033333329,1.2757128064950811,203.576375,208.007
162.278,171.42501000000001,9.24581161661322,160.15200000000002,190.56885
184.389,185.5190800000008,3.671945470764335,182.648225,198.48547499999998
159.87,161.97687666666647,4.68516825682802,159.57,175.893
234.158,234.24256000000008,0.38894675693896275,233.25799999999998,234.65200000000002
191.546,191.3684000000002,1.4775884000627497,189.053675,192.241
200.51399999999998,201.0504133333336,5.542565543364272,193.921,220.45989999999995
226.921,224.0578300000002,7.431024188344879,211.75799999999998,234.30899999999997
238.84,238.8498166666669,0.04404523873877791,238.83899999999997,238.942
227.00400000000002,226.90773666666743,0.6327730456666297,225.8918,227.107
152.49,153.39194666666683,2.4677871296275824,149.63400000000001,161.06747499999994
197.317,197.11320000000012,0.6122150711419398,195.691,197.876125
238.52499999999998,238.9414066666667,0.2401835713689731,238.399,239.226675
176.973,178.5489666666667,8.274670328511915,171.97199999999998,202.466425
198.632,195.9085966666668,3.815522728799925,193.055,202.40499999999997
205.42499999999998,204.44179999999974,1.6520458064674444,201.22359999999998,206.511
237.63799999999998,237.73405000000042,0.8763947326975362,236.20792500000002,239.864625
166.905,165.33455333333367,3.784569496497877,159.67185,172.48127499999998
236.952,236.35940333333332,0.5705058871933109,235.863,237.675625
196.772,199.6815700000005,5.373825289161652,193.921,219.281
197.37900000000002,194.82994000000002,12.219139554938659,177.605,219.706
225.915,226.14405666666633,2.350437234527979,222.66084999999998,233.644
172.87099999999998,173.19752999999983,0.973809506919433,172.091,174.862825
208.047,208.4836033333331,0.8057462334107165,207.38,210.051975
207.549,209.4828699999998,1.6119987323506186,207.078,212.05215
202.044,205.28889666666666,3.972990380807496,197.44,213.951775
200.79399999999998,198.5922099999995,1.8098949193898841,194.47685,201.85784999999998
229.997,226.14259333333385,4.501003397905365,214.976875,231.972725
229.79699999999997,229.88882333333308,0.2335182479426849,229.679,230.44267500000004
177.69799999999998,178.88956666666672,3.051118519312037,171.105525,182.805875
164.595,164.58583666666684,0.4311818525737008,163.532,165.525
184.15699999999998,186.12908999999976,4.727648961365479,183.433,199.393
188.988,188.98492333333348,4.570858512080149,184.62,200.19500000000002
166.524,168.34387333333333,1.8255866008735082,166.69,174.833775
165.522,165.31658333333314,1.0509474755614052,164.011,165.764
221.599,221.62990333333212,0.3227662941751431,221.289,222.4443
181.775,182.51958666666678,3.9777725553994276,179.856,199.04600000000002
195.626,196.02911999999975,0.7464554366694187,195.34199999999998,197.495
178.079,177.86769333333302,3.1862172701531546,170.82369999999997,180.44797499999999
220.011,221.47061333333292,3.11173487363918,220.16245,222.912375
190.583,190.55887666666686,0.23017009968475358,190.203425,191.13600000000002
213.843,213.65935000000064,0.7613726644466955,212.733,214.819
202.14499999999998,202.37219999999937,1.088051591914037,199.62937499999998,204.531
174.77900000000002,174.62884999999977,1.4681434197084893,169.90165,176.558
170.40699999999998,170.85352333333293,1.0600093125953647,169.70499999999998,173.53199999999998
182.87599999999998,182.96504333333345,0.5328791684070826,181.28,183.44500000000002
177.029,193.1782566666663,26.30030057326577,138.694625,216.382
189.792,192.0390200000004,2.8249878889887876,189.094,198.7703
202.20499999999998,203.07297999999992,1.9324897549361923,200.32500000000002,208.122
229.589,229.69285000000002,0.40866030820230276,229.116,230.44505
201.826,202.49018666666672,4.942530870430205,195.8712,223.702
174.44,174.15932999999916,1.8634344513379955,170.512,177.50900000000001
187.068,186.63652333333366,5.050243111916048,178.226475,195.54802499999994
173.063,178.78428666666665,7.06227770419399,168.827,202.484275
173.06699999999998,172.1141466666666,2.77449018713148,163.75400000000002,175.53485
165.341,165.33570000000012,2.162863491608598,163.852,169.79094999999998
186.20100000000002,186.3559266666662,0.9060577582521394,184.152,188.947
187.745,181.82821666666635,5.006349102528598,176.362,189.41814999999994
178.27599999999998,183.3854166666665,14.047646804941722,156.56137499999997,216.29899999999998
222.75199999999998,222.54850666666684,2.7631248041463636,216.809,226.81527499999999
235.306,235.37602666666663,0.3837502564023776,235.18199999999993,236.724
197.967,197.9412533333335,0.4662036563086473,197.602,198.487
235.88899999999998,236.08017666666657,0.45314452307060943,235.48899999999998,237.665475
180.356,178.9806733333335,2.7301967487018617,171.0498,184.50837499999997
155.524,155.51113666666663,0.25629911819764095,154.925825,155.887
204.04000000000002,204.18640333333272,0.9060047869569369,202.944375,206.55599999999998
198.896,199.30559666666662,2.7741730252435413,198.04825,204.18200000000002
229.849,229.93871333333314,0.2993895196710914,229.679,230.656
217.13199999999998,212.4249933333328,13.996763286558643,178.249,238.42300000000003
224.908,223.53000666666674,2.0670619729353894,220.056,226.411
231.863,235.84310333333343,1.6396780616904325,230.683,238.648
203.296,202.9242600000002,0.7214076418595312,201.239,203.85399999999998
220.377,219.6203333333337,2.7072017082014606,212.815,224.16500000000002
188.013,188.34802333333317,1.861741096247156,185.226,191.05835
167.20600000000002,170.0629266666668,5.6168277103678,156.79500000000002,187.78882499999972
158.825,159.29633333333362,0.21616080948117433,158.92170000000002,159.618
168.136,168.1389466666663,0.5606505005992825,167.539,169.63109999999998
229.31900000000002,228.13811333333337,1.7942996685305639,224.703,229.71599999999998
216.54899999999998,216.2483233333333,1.3859751147798032,213.82000000000002,218.43
201.613,198.42248000000023,9.804590434906833,177.011225,218.411
232.50300000000001,231.8808166666672,0.5230984703879594,230.400375,232.63325
152.00099999999998,151.76853000000008,0.44616485267966827,151.3322,152.54000000000002
175.28400000000002,174.9688699999998,1.4469735311216523,171.805,178.56000000000003
156.349,155.91213333333312,0.6355905408008795,154.558,157.582
176.098,177.11592333333334,4.0217055972297215,170.66299999999998,184.58999999999997
215.46599999999998,218.37734666666688,8.325708347431402,192.65679999999998,225.66999999999996
155.753,156.32821666666686,2.1006111213300662,155.333,160.766
182.46999999999997,181.25978333333313,3.8567906584433045,170.83700000000002,187.47899999999998
238.623,238.3108366666661,0.4873680710259533,237.197,238.85700000000006
155.745,155.8294533333333,1.6798417071723013,154.667,158.70499999999998
206.582,206.2484499999998,1.96698971887671,202.932,209.798
238.976,224.1961933333335,6.880697414939526,211.75799999999998,240.19099999999997
168.82,170.04462333333353,2.0249430744563903,168.499,174.934
194.154,192.32164000000017,2.972548226196956,190.203,197.039575
174.28400000000002,174.35473333333374,1.3572301925449355,170.194,175.89300000000003
151.953,152.46359666666663,1.4861448922146026,151.071,156.673
187.285,187.64680666666675,2.172732104046783,180.571,190.601
194.90099999999998,194.73066999999975,1.0369072930755832,189.794,195.40800000000002
159.257,161.66717333333344,5.176554387166128,152.55985,179.64137499999998
152.163,151.8017766666667,3.6774961436810347,148.357,163.31544999999997
235.73399999999998,235.25720333333317,0.8912701322582043,233.324,235.807
207.655,207.60526666666647,1.3575955517834546,207.54299999999998,208.051625
164.86100000000002,164.85090999999986,0.3530973924665347,164.64059999999998,165.79375
218.047,217.51326000000003,1.2259123537458434,214.15699999999998,219.11835000000002
173.022,172.17877333333317,2.403123398542452,167.374525,176.694
208.5,205.78793666666687,2.8702124554329136,194.216,208.33499999999998
169.383,169.4415966666666,0.3158193586881951,168.55,169.755425
237.42999999999998,237.41424333333327,0.07579228713325015,237.308,237.43500000000003
222.366,222.40902666666668,0.3987191483850373,222.133675,223.57755
183.947,180.13112666666677,4.2809882773282775,174.696,188.73899999999998
201.695,201.39053333333345,4.157434209808841,195.951,213.40737499999958
156.91700000000003,157.0910566666667,1.95684415155003,154.1923,162.15382499999996
169.422,169.412456666667,0.4235965629254102,169.089,169.880625
239.20600000000002,239.12434000000007,0.1949151039127878,238.757,239.337
236.63400000000001,236.62390999999988,0.15499275864805248,236.519,236.805
178.60399999999998,178.99844333333306,1.3316658740548326,177.961,182.90800000000002
165.832,166.04577333333336,0.5359548817660775,165.85199999999998,167.981
191.317,191.35151000000047,1.653992020305216,188.64342499999998,194.19
169.478,169.34969666666603,0.603652066996286,167.726375,170.24800000000002
220.981,220.8328800000003,0.6706061230459093,219.71065,221.286
201.692,201.36305333333382,2.270210402251052,197.073,209.9406749999999
171.388,170.8203933333336,1.8957751656307273,164.692,173.576875
233.09,234.32688333333348,0.9499349993844673,233.209,236.724
172.07799999999997,174.2329966666671,6.172840855175374,167.5236,199.055
174.90300000000002,175.0478199999999,1.138359838071132,172.547425,176.047
211.195,211.5778066666661,0.9043015145895172,209.910325,213.259075
239.21599999999998,239.14708666666672,0.16728235358884438,238.6902,239.2281
183.896,178.65969333333314,10.26562965495162,154.0748,200.41499999999996
193.595,196.61589000000026,10.424849561403752,181.02700000000002,235.452
203.90900000000002,202.30917333333304,2.0277960408504843,199.481,205.30755
160.781,160.73400666666646,1.1512975983452591,158.581,161.10000000000002
161.444,157.57364999999976,4.128448729749063,154.268,165.01149999999998
237.435,237.29857666666672,0.6589596124110241,235.455,238.57099999999997
149.451,151.15005666666625,4.002329837330857,148.953225,160.1058249999999
169.486,169.5217266666672,1.0540255682962414,167.48024999999998,171.37099999999998
165.00199999999998,165.35523666666677,1.1276813559935952,164.011,169.277675
217.473,217.4927400000008,0.17438357835530108,217.24655,217.89065
186.677,182.3025533333334,6.566872141830957,168.18830000000003,191.90229999999997
181.324,181.3562700000006,0.4411553057219947,180.596,182.732
182.63799999999998,182.147066666667,1.3065203693611351,180.75199999999998,184.64847499999996
168.07600000000002,168.86983333333347,0.9395797778203243,166.990725,170.79297499999998
169.401,169.47562000000033,0.5676685613982879,168.35000000000002,170.80485000000002
156.297,157.29942000000003,9.432663377342932,150.346,180.46205
235.31,235.37377999999998,0.4306329971874796,235.176,236.6963
217.285,206.86304333333314,4.975042398625588,197.44,215.65972499999998
200.214,199.4108733333328,4.176522860461269,189.61464999999998,211.452
235.736,235.7685766666674,0.5099985007712156,235.60199999999998,237.32815
187.995,188.20954666666654,0.513077591099913,187.24599999999998,188.738
172.92700000000002,173.14835333333335,1.167975477120798,171.54437499999997,174.765
224.209,223.36591666666695,1.4480285666112458,218.351325,224.94699999999997
238.53299999999996,239.03219666666675,0.19809382790878355,238.690675,239.3541
236.16800000000003,236.2159933333339,0.34710413416661867,235.682,237.27215
154.807,155.0458099999998,0.48016485422543737,154.372,155.80435
236.559,236.47737666666637,0.5969531596271962,235.278,237.854
157.4,158.02814666666654,0.755440192970664,156.64522499999998,159.26999999999998
169.14999999999998,169.21472333333324,0.7435345274131916,168.274,170.738
162.71,162.74989333333303,1.7393276196916525,162.2,168.04514999999998
182.852,182.73840333333325,0.53255394780456,182.066,183.865675
160.197,160.67958666666635,0.6391716846739204,158.581,161.973
167.731,167.97616333333323,0.6558294519071921,167.314,169.883
202.55900000000003,205.23527333333328,7.98307621317051,194.570225,235.452
184.789,184.4737599999995,2.6692252788153126,180.802875,186.162725
202.43400000000003,201.11685666666727,3.7615598957687197,190.315,207.02219999999997
239.83700000000002,239.24673333333368,0.31767733455330344,238.202,239.605
208.546,208.23951999999946,1.247904679693125,205.9317,210.149
157.65800000000002,157.4764633333336,0.3289248779314534,157.004,158.447
183.815,184.35007666666718,2.5288644587618547,179.856,188.832975
215.13400000000001,213.77797666666646,1.479412140949535,211.019425,216.04435
166.541,166.7524266666665,0.4900937916585179,165.903,167.27299999999997
164.423,164.85019666666656,0.8882171419885029,164.365,165.87800000000001
184.357,184.77030000000076,1.4397691886780573,183.921,188.22532499999997
170.924,171.24525333333344,1.8115822538568032,168.783,174.934
175.554,175.90460000000039,2.477888937516506,170.81230000000002,180.791725
163.949,164.5960533333338,1.6023772871857902,163.49800000000002,167.88042499999997
210.68599999999998,211.37706333333293,0.7564949213239247,209.774,212.549725
204.8,204.57661333333382,0.8522665255006129,202.226,205.25535000000002
214.555,214.7063899999999,2.209876536046004,211.5229,218.77700000000002
233.00399999999996,234.00524333333345,1.741336801843783,230.683,236.51092500000001
157.052,158.09415999999996,1.4303360634480267,156.096,159.157
182.84699999999998,182.98910666666657,0.965145502997116,181.54522500000002,185.616
198.91699999999997,190.7480933333332,11.674985607326843,174.696,214.19299999999998
232.06399999999996,231.91530999999998,0.8802349235100065,230.133825,232.15299999999996
181.931,181.9703033333329,0.903230460433856,179.998,183.33
222.885,223.01393333333306,0.4139874662622318,222.32252499999998,224.029
175.01600000000002,176.4792766666666,2.577576595717165,173.8262,181.24800000000002
229.40099999999998,225.26310666666657,7.318469336454328,199.2784,230.857
154.812,155.4348466666669,2.143411757725417,154.877,157.756
234.516,234.8401733333332,1.3803287108350468,231.20399999999998,236.467
220.199,222.76830333333356,1.1137369907907135,220.8633,225.574
182.198,182.41156666666654,0.4222339227910905,182.11700000000002,183.50099999999998
200.296,201.97411666666676,1.7257459188388327,198.352925,204.531
236.46699999999998,236.45299333333364,0.22566370249161247,235.90522500000003,236.805
238.958,238.9023033333332,0.04803385599992342,238.83447500000003,238.942
175.215,174.96398333333326,1.43460921150055,171.377,176.563525
236.65599999999998,236.27814000000043,0.397413840222001,235.658375,236.75100000000003
195.684,196.52302999999966,2.0590309037101275,193.45799999999997,201.664175
166.579,166.76550666666617,2.374800041397638,166.204,171.46699999999998
157.80700000000002,157.30245000000002,2.239140543638708,155.2095,158.14499999999998
170.838,171.9083866666668,1.9873454448473564,167.730075,175.99099999999999
211.74099999999999,211.47755666666623,0.6525348778332795,210.28900000000002,212.30800000000002
172.783,173.13227333333325,0.821396464538021,172.0301,174.728425
233.535,232.85511666666687,1.2507343295262863,229.89299999999997,235.7096
170.712,170.92948666666612,1.9465694669911535,165.05200000000002,173.53199999999998
163.349,165.86341000000002,4.609829843775876,160.15200000000002,172.807
183.893,177.95715666666658,9.178819226828079,159.802025,196.755
178.239,179.72773666666637,3.784073426964064,175.393,184.038
232.071,232.0205700000006,1.2820528662136625,230.180025,233.034
223.108,224.25737333333313,1.453287682218796,222.882,227.065
167.34,167.27863666666659,0.5249229384607076,165.46945,167.70499999999998
237.002,236.0245566666668,0.7894978531460556,235.18099999999998,237.115
203.144,215.59334666666652,4.875793376107006,211.75799999999995,230.17659999999992
178.82599999999996,179.51795333333354,1.5082695773044805,177.17700000000002,182.77200000000002
225.369,226.23572333333348,1.3192344068141286,223.95974999999999,227.107
167.724,168.32970666666677,2.314342059266282,165.096,172.765475
239.225,239.16176666666652,0.23391739045132234,238.639,239.378
203.75599999999997,203.64364666666694,0.4284490267101685,201.42,203.874
194.273,194.1124133333327,0.7834484725593381,191.61595,194.321
233.81,233.71619666666618,0.23423645742900076,233.25799999999998,234.04315
172.98699999999997,172.3950299999999,1.1657792340033113,170.23959999999997,175.9349
201.56,201.7185566666665,3.202975877751122,198.575275,204.470675
181.03,186.3088099999999,10.092040160471345,172.00900000000001,214.19299999999998
222.72100000000003,207.74650666666673,5.732765007390023,197.44,220.67924999999994
209.29700000000003,208.22139999999987,2.9599259483980322,199.801,211.193
183.298,182.78587333333311,2.0437271125622947,178.52954999999997,186.302425
215.675,215.56454666666698,0.8111534798188454,213.956375,216.57505
148.644,148.64539000000013,0.33008487479232995,148.357,149.35399999999998
215.275,215.37600999999987,5.547472150138894,199.26299999999998,225.66999999999996
197.632,200.29740333333288,2.360590064790768,197.161,202.888475
195.60399999999998,196.77110333333334,2.736112752182474,194.98700000000002,203.504975
223.872,222.22609999999995,5.412465523523761,203.331,225.518
233.43900000000002,185.18215333333353,15.986731348313688,155.039,208.584
156.46,155.97806333333324,1.1283195318653707,153.920975,157.35684999999998
248.70499999999998,221.4693566666664,7.075717877557641,211.75799999999998,232.329725
198.766,200.1314600000001,1.8031271766202945,198.18999999999997,204.9808
202.66899999999998,201.1581833333332,2.603373221365358,197.857,205.556
180.634,179.40356000000017,1.4690638265235472,177.243,183.285
163.467,163.91454333333317,0.4772118762026883,163.522,164.84799999999998
239.79899999999998,239.4080033333335,1.0227620267306712,238.96999999999997,240.22400000000002
203.28500000000003,202.38140333333348,1.8985020482796993,194.946,204.531
217.43599999999998,217.49327000000034,0.153879055646525,217.10999999999999,217.708
229.58599999999998,228.1687333333333,1.4430997478422025,224.816,229.579
154.639,154.83327000000043,2.2878815143635958,151.81835,162.42762499999998
173.64,174.13287000000017,2.344975101452746,171.563,176.138
183.836,184.02915999999948,2.956684933231812,176.19795,188.804
172.552,172.5703466666669,0.29702054893371943,172.43869999999998,173.53199999999998
185.51800000000003,177.74327666666642,8.730811411324963,158.66555,196.755
169.81,169.86323999999996,0.26794108009038003,169.453,170.201
226.0,226.55679999999958,4.5877681647325295,218.881,238.44199999999998
184.026,182.93607333333406,1.8596299115564743,178.66215,187.61499999999998
220.864,221.3234799999995,1.084452234817191,219.626,223.768
234.008,234.06639666666717,0.3795234898161405,233.33900000000003,234.498
201.926,203.3193133333329,6.278306521280687,194.7476,223.702
235.36699999999996,235.62147333333283,0.6656045792777912,235.18199999999993,236.722575
170.858,171.41963666666675,4.353421608879109,164.55845,182.066
237.839,237.84662333333267,0.08203260401951194,237.76130000000003,237.984475
167.63199999999998,167.70488666666688,0.1810649252493549,167.463,168.0
222.52700000000002,222.55500999999964,0.3176181091079872,222.15147499999998,222.9836
165.47799999999998,165.18386333333325,0.3497993110183199,164.49005,165.544
165.56900000000002,165.2109066666669,0.3828872566290135,164.45465,165.466
160.80700000000002,162.25638333333336,3.8842550366476023,158.099,177.28
208.49599999999998,208.1642066666664,1.7814045668017717,203.85289999999998,209.183
151.184,153.19466333333338,2.73579564599689,149.63400000000001,158.70800000000003
190.606,188.01182333333327,4.3160890551658255,180.718,197.264075
226.917,226.20516333333342,1.7119322192546689,222.882,226.71699999999998
166.116,166.02509,0.7713811521550166,164.505,166.833
155.261,155.70004333333327,0.4499703784201274,154.84799999999998,156.75599999999997
158.637,158.53160666666662,0.6247350414019959,156.073,159.157
174.78199999999998,174.50260666666645,1.142721805729151,172.11299999999997,175.707
239.007,238.90623666666627,0.19837523532157433,238.399,239.196
166.006,166.11693666666662,0.46910491291631223,164.838,166.96422499999997
174.67700000000002,176.79456999999994,3.5470846026607967,171.084,182.392
172.40499999999997,173.08066333333315,0.4388686097860697,172.113,173.56900000000002
184.789,184.90967,6.160529865828643,173.411,197.43262499999997
183.71699999999998,184.0040900000003,0.8486085916958447,182.909,186.351
182.31799999999998,182.2515666666662,1.8853593270838895,179.204775,183.445
222.82100000000003,223.10444666666717,0.9538959554491332,221.966325,226.323125
179.79299999999998,180.97911333333366,1.9426954797794633,177.447,183.23600000000002
238.556,238.67010666666664,0.20343056626005596,238.399,239.2061
229.98000000000002,229.87979333333345,0.26643097409189204,229.116,230.25565
166.82500000000002,166.78643666666648,0.6166125628427926,165.91899999999998,167.27299999999997
158.13099999999997,158.62064999999998,1.3341034920499972,156.21300000000002,159.26999999999998
216.93400000000003,217.05019666666678,0.77456235255071,215.15200000000002,218.327
212.35700000000003,212.9341533333337,0.4707951675858859,212.24099999999999,214.459
238.23000000000002,237.8555699999998,0.2652285525730604,237.20499999999998,238.45800000000003
170.68,170.60526666666684,0.8806071289488631,169.453,172.25689999999997
237.89,237.91043333333263,0.13598575497292847,237.77600000000004,238.45800000000003
176.947,176.65757000000002,1.7761350957720925,173.07,177.95600000000002
187.802,186.6619033333335,7.19496590406484,165.528725,202.58984999999993
230.86800000000002,229.56729333333357,2.179654189840419,224.157,231.43500000000003
157.225,156.2638766666666,0.83358760874641,154.488,157.711075
171.04400000000004,173.57953,5.400959083573339,166.45200000000003,181.08900000000003
172.18800000000002,172.78697333333338,0.7401697593270249,171.767,173.835
220.864,221.7848599999998,1.220576555184746,220.619,224.802
205.826,205.85276666666684,0.6208095243756749,204.073,207.690375
200.784,200.92097333333325,0.582578434738385,200.265,202.051
223.687,223.10245333333302,2.484264024043244,218.881,228.39754999999994
172.99399999999997,172.81443333333337,0.6358219291244631,172.091,173.56900000000002
168.924,169.00692999999998,0.18918466754294255,168.868,169.419
201.001,200.5711500000001,0.9465110885950213,198.21195000000003,201.686675
236.81199999999998,236.97100666666623,1.019822183825308,235.863,238.35457499999995
222.83700000000002,224.5866033333332,1.9596441205796018,221.645,229.77554999999995
166.343,167.90535999999992,5.98039031533338,159.971475,177.28
187.71,187.74063000000027,1.2308018604822888,184.36487499999998,188.738
192.652,195.49645000000024,6.233158208123712,184.13199999999998,205.556
234.585,234.78964333333298,0.7105976424500381,233.28934999999998,236.12035
185.812,189.48042999999976,4.392298453554814,184.132,200.329
170.01,171.71412666666671,4.137128046196074,168.549,181.72699999999998
176.06099999999998,166.88644333333332,5.999953672609115,154.27535,174.332
166.546,166.72851333333324,0.4757853891082505,165.903,167.27299999999997
235.38600000000002,235.53853666666666,0.560287898009191,235.176,236.82799999999997
172.31600000000003,172.2735000000002,3.2186516302120474,166.338,181.013
239.30599999999998,239.26717999999983,0.15642009973146095,238.757,239.37900000000002
163.09299999999996,163.16121666666655,1.077278043522448,161.383,165.47807499999996
205.14499999999998,205.15293333333392,0.25619196361756136,204.79999999999998,205.59799999999998
166.276,166.24124666666654,0.5200475034285073,164.774325,167.153
171.689,171.75318333333385,0.8903750500335365,169.30507500000002,172.369
184.84500000000003,184.36119000000022,2.444061041361283,179.59390000000002,187.61499999999998
188.267,192.85145000000043,5.920553029982368,183.724,201.87800000000001
236.56699999999998,237.12901333333303,0.905092212515142,235.884,238.50212499999998
164.51299999999998,164.54843,0.3187237023400247,163.56900000000002,165.466
157.042,158.27807999999985,1.4566546033977972,156.096,159.26999999999998
220.216,185.65997333333289,11.189687319996432,175.393,223.5281
236.009,236.1880633333339,1.034612577726022,235.184,237.98
186.745,191.6243033333333,9.981730121476378,176.51675,216.661
181.413,187.13621666666683,9.771356689651075,166.65585,205.834
222.029,222.03094666666667,0.42230246327589427,221.239,222.883975
229.901,230.0869533333332,0.2123888049989751,229.79199999999997,230.427
201.443,201.4252266666665,1.377745918262469,199.14872499999998,204.404
237.469,237.45748333333347,0.6729119281566925,235.455,238.06099999999998
239.17099999999996,239.19133000000002,0.11844819303532743,238.8596,239.44000000000003
207.438,206.9929133333337,1.187037401470102,203.95895,208.783
223.147,223.43790666666624,0.7598413592908008,223.28699999999995,224.10325
167.598,167.7630500000002,0.23403072625903903,167.40300000000002,168.0
236.57399999999998,236.36425000000042,0.2878128920554748,235.72597499999998,236.72255
237.773,237.79772000000057,0.3196833875362727,236.77777500000002,238.00302500000004
167.78400000000002,168.36918999999995,0.7320552214371067,166.88942500000002,169.883
222.964,220.90801999999996,2.0741376809652734,216.809,224.812
170.304,168.03095333333337,4.191441166371724,159.75,176.24002499999997
210.003,205.15921666666665,4.63334291446851,194.216,210.95617499999997
170.962,170.70205000000004,0.5821547224177909,169.592,171.3068
204.39600000000002,204.1539233333331,2.1846429984756983,199.698625,206.511
184.075,183.7692100000003,3.7336937402390213,179.889,188.517
165.74900000000002,165.5746666666667,1.0792762708819676,161.88735,167.037
230.279,230.2978499999993,0.6967337517540904,230.106,230.429
198.054,197.46673000000035,3.005694823236937,193.32600000000002,199.88427499999997
234.695,204.45834333333357,11.68287756100591,184.6406,233.3999999999999
185.378,185.5593333333333,1.1734223460554247,181.861,188.03499999999997
152.51100000000002,153.04380666666665,1.7258444877669463,151.071,156.771
161.484,161.19739666666655,0.8635968113972875,159.11399999999998,161.973
229.844,230.36883999999944,2.115138246324972,229.662,239.16642499999986
239.24,239.1926233333332,0.05728479835193751,239.127,239.26000000000002
184.904,184.61549333333278,2.6917481252813302,182.98700000000002,186.022
188.4,188.5092833333338,1.5038229981358238,184.62,190.97
157.567,160.92692333333326,6.58053791398967,151.832,172.72799999999998
204.13,198.68159999999975,11.054621505053895,181.87115,218.83639999999997
216.413,218.01459666666707,2.122600537231524,215.98200000000003,219.477
177.88299999999998,177.09358666666705,3.604306137916455,169.033775,181.861
198.65800000000002,195.64084333333327,8.698687628532756,183.607,214.03300000000002
178.273,178.47700999999952,1.0791204241881467,175.486175,181.24800000000002
155.299,155.08866333333347,0.5232330232846109,154.372,156.204
210.931,210.05534333333284,2.8233479237934676,206.747,212.554
154.899,156.31414333333348,2.2110842942145403,154.372,162.59689999999998
189.34199999999998,190.6164433333333,2.72307673905619,188.433,196.937
166.273,166.08622666666662,2.8274922308096437,160.767,175.07424999999998
155.797,156.19892666666664,0.5888856323222332,154.95,156.852
200.276,201.9034233333333,2.042588873004609,197.161,205.4503
190.685,190.34694333333306,2.571069502520084,188.122875,191.13600000000002
170.307,169.56444999999988,0.6539837160307075,168.151,170.878
172.539,172.77369666666635,0.8563624649190478,171.3141,174.13600000000005
229.65000000000003,230.08301666666662,0.27049161981268594,229.79199999999997,231.14500000000004
156.864,156.17168000000012,0.45886267110469314,155.333,156.784
201.82,201.6733133333331,1.3120735098139742,198.707975,203.972
204.088,204.0552866666662,0.4214623009897266,203.523875,204.675775
170.15800000000002,169.23422999999977,0.5306661760780818,168.268,170.202
179.23999999999998,178.77062666666652,0.75148556913771,177.528,179.674275
178.065,177.78787666666733,1.2006607881171985,175.439,179.66099999999997
152.072,153.68101666666658,4.89301739247425,149.036175,170.83264999999994
182.98600000000002,183.01306000000002,4.184127772475409,173.411,191.23447499999995
191.441,190.89064333333295,4.1519945073970845,180.443,195.072
157.30800000000002,156.828503333333,0.5110059131969249,156.111,158.056
183.337,184.15615333333318,2.6166231284785537,181.674725,186.022
156.15200000000002,156.23424333333344,1.2266876038566397,154.6928,160.50099999999998
181.452,181.75031333333385,1.3021277440490324,180.87929999999997,185.69054999999997
167.58999999999997,173.97603000000004,9.17611454715084,167.02335,190.653
232.168,232.2190233333336,2.9802353871445955,224.03719999999998,242.22400000000002
218.827,218.77725000000035,1.7515919390181445,217.413,219.707
230.036,230.05833000000018,0.10254703522449499,229.881,230.1985
155.805,156.51395999999966,2.0442098371742534,154.488,163.051
195.643,196.3011933333332,1.5342525658950563,191.801975,197.916025
169.048,168.836346666667,1.5973344149412017,165.337,171.368
168.804,168.88366000000025,0.652787498144176,167.68099999999998,170.202
164.495,164.0862066666665,4.767213770182981,155.765325,176.378725
238.08,238.01072333333295,0.2612954651772997,237.261275,238.45800000000003
197.038,198.23097999999976,2.791157791956594,196.75404999999998,206.87857499999996
182.587,182.5606699999996,1.284259185068701,180.10557500000002,185.18735000000004
201.215,201.5416533333338,1.4757311023654955,199.163525,204.32
164.92399999999998,164.8270966666666,0.34706592167611405,164.67,165.889
239.17,239.14534999999955,0.14598290139601536,238.56707500000002,239.226
159.676,179.6856766666666,27.493161586816264,135.391,216.382
183.168,191.9663233333328,13.500547391079705,180.0952,235.452
207.576,207.5753533333327,0.42586069141080557,205.958,207.952
171.848,172.32188000000008,1.70737776300384,169.688,177.35399999999998
236.35200000000003,236.2917233333335,0.5486747428627932,235.69095000000002,236.42600000000002
148.174,150.10777000000033,4.087187938395626,148.088,158.7836
235.69199999999998,235.82121666666725,0.4042274644993301,235.60199999999998,237.39999999999998
176.083,175.87902333333304,1.2300772344811868,171.30507500000002,177.669
240.459,239.0106666666669,2.437949182316067,237.11899999999997,240.22400000000002
198.739,197.17421000000007,3.4400945489768207,191.274,201.87845000000002
171.525,171.5434299999999,0.6430133423447215,170.125,172.133
198.84,200.33050333333324,4.056322854917026,196.18800000000002,205.456
215.83599999999998,216.86782666666633,1.143061729138989,215.15200000000002,219.552
181.016,180.9991766666668,0.52425573796468,180.38500000000002,182.017
234.281,234.26351333333344,0.24615860027407033,233.977,234.60535
163.82299999999998,164.9744333333336,3.4399571255403107,155.74,170.98027499999995
230.555,232.36692333333312,2.703330361632153,229.89299999999994,239.462
207.542,207.21362333333335,2.0163361760353644,201.05599999999998,208.42200000000003
155.904,156.98163000000025,3.545261173232988,155.283125,163.705225
202.57399999999998,202.6271466666667,0.7502296482781499,201.41500000000002,204.1055
198.415,196.97023000000013,3.4167977703935963,190.4474,199.76299999999998
229.72799999999998,229.9507833333334,0.3368000243302981,229.679,230.656
178.92400000000004,178.71624333333287,0.8097394174191039,175.859675,179.481
236.40500000000003,236.21325333333326,0.6088689315626337,234.58995,236.459725
199.763,201.15696999999963,3.538004480273211,197.161,205.456
216.034,216.13982666666632,1.2426065440391398,214.423,219.309
183.79899999999998,183.9030733333332,0.9396913578167846,182.69299999999998,185.815
155.208,155.14921000000004,1.8111311454171388,150.827,156.9664
168.859,172.53866666666693,4.075270318505134,165.477375,181.513
209.63,209.55765000000005,0.6607936749344173,207.22145,210.178
158.487,157.71866333333358,7.197559206887815,149.001,168.387
236.454,236.12974333333312,0.9238973053261336,233.43367500000002,236.59689999999998
235.20899999999997,235.6447533333335,0.5179971999495301,235.18199999999996,236.77535
158.531,159.8800000000001,4.413290907399296,155.166,168.45339999999982
156.7,157.52086666666656,7.164822144493339,151.39299999999997,161.928
178.81600000000003,177.38124999999988,3.762382033698869,166.73085,181.24800000000002
237.927,237.8323433333334,0.2759535446209902,236.83400000000003,238.426
207.574,207.17845000000034,1.0064372844345568,204.282075,208.092
169.834,169.70845,1.005028769488718,168.27085,171.491725
222.81099999999998,220.99253333333357,2.793706439282576,214.25,224.54100000000003
239.08700000000002,239.02789000000018,0.21974745633719747,238.399,239.20352499999998
178.00300000000001,177.4280633333331,3.2586816054946026,172.19400000000002,186.27024999999998
157.208,157.00724333333326,1.7552000980293458,154.697,161.57999999999998
178.034,175.96106333333273,3.030850094058687,170.512,178.632
238.221,238.7324966666667,0.5736120901697361,237.677,239.44000000000003
239.67800000000003,239.1936833333336,0.471553690533283,238.0685,239.605
204.90800000000002,205.20320000000044,0.7736552634517964,204.071075,206.741275
165.323,165.73047999999966,0.7353536402756605,164.576725,166.782
188.95399999999998,187.9061166666667,3.394742075090373,183.525,194.214
236.66,230.93801666666675,4.9695964306023415,221.87099999999998,239.33849999999998
202.435,202.17934000000034,1.5419137798203926,199.291,202.81900000000002
222.17399999999998,220.35966666666693,3.5010506883251815,212.815,225.5484
157.671,157.49687333333338,0.4591614719125388,156.77452499999998,158.548
183.30200000000002,185.4359900000002,3.5407482716557706,179.93099999999995,191.174
173.64500000000004,174.80516000000014,3.37224934147324,170.30300000000003,180.346
169.35999999999999,168.88490666666658,0.4439793966190601,168.106,169.883
230.62300000000002,230.16469333333322,0.1924436522436848,229.73174999999998,230.51485
166.678,166.8078366666669,0.4974625111391705,165.22899999999998,167.712
175.802,176.9448366666664,4.267679384629186,172.742,190.76
192.819,191.9870866666666,10.842792327893317,177.605,221.02999999999997
229.56199999999998,230.71307666666684,2.2568059104529943,229.4728,239.462
212.185,212.80596666666702,0.43214971042709605,211.97899999999998,213.6927
155.433,155.76598000000013,1.564366615044776,154.667,158.70499999999998
197.388,196.4111766666665,4.119645513729174,179.516325,202.517625
180.979,181.65714666666688,1.2664900914820567,180.75199999999998,185.455
177.04500000000002,176.55232666666654,2.562223903816542,172.6944,180.228
173.72899999999998,177.56689333333316,8.252629186020393,168.757,199.055
188.89000000000001,188.7579033333335,1.758616841153551,186.607,190.485125
239.88299999999998,236.1580333333333,6.25867201400495,221.87099999999998,248.423
164.91199999999998,164.96491000000012,0.260879158296202,164.61884999999998,165.6396
184.346,186.13780000000008,4.7266764285277665,179.548,195.072
203.675,203.71759666666696,0.21544784517114376,203.614,203.874
172.447,172.54190333333298,0.2938351476404566,172.358,172.603
167.505,168.16949333333332,0.6815110343608201,167.314,169.883
167.56400000000002,167.3115000000001,0.7035535208260085,165.489,168.071
190.759,190.49563999999984,0.8947107672687681,190.14,191.11900000000003
232.071,232.13224333333395,1.6375600154260688,230.180025,233.38799999999998
185.691,187.45791666666665,3.6194261289678993,183.798,198.316
178.213,185.37484666666654,8.322498186431496,178.938125,207.065
227.04000000000002,226.68793000000045,1.0038233468926039,223.5,227.107
174.057,173.75581999999986,4.40776560639666,168.570225,189.98467499999998
182.84699999999998,181.56558666666646,5.618892994397468,175.393,185.02659999999995
196.655,197.77801666666656,3.443582994942267,196.41,202.45607499999994
236.40499999999997,236.1922633333331,0.5018848214370392,235.86299999999997,237.80272499999998
162.392,162.3026799999998,1.8331521188742992,158.852,164.323875
194.878,196.77769333333276,2.376919956432889,193.45799999999997,201.664175
225.036,225.15984666666714,1.49983459637684,222.882,226.71699999999998
162.253,164.64707666666655,5.711861353720197,159.016425,178.90447500000002
235.65599999999998,235.39018666666686,0.5549361391087145,234.497025,236.724
190.764,190.55948333333296,1.5358785899463374,189.81300000000002,191.41799999999998
179.306,179.96529,3.201030249659217,174.327825,187.96699999999998
236.77100000000002,236.35628999999992,0.5190032876260715,235.272,236.805
167.851,167.94488000000018,2.5979015247439023,164.73700000000002,174.88124999999997
157.185,158.14846333333296,1.5428749512913271,156.549,160.94135
168.745,169.34613000000016,1.498745826716455,168.549,173.8319
178.19299999999998,172.28543333333357,7.745942752535391,159.555,188.764
167.361,168.20559000000006,2.22235669996965,164.61599999999999,176.554
158.67,158.8546299999999,0.21047169192078963,158.308,159.122
173.584,173.2684233333333,0.7199952204393816,172.46699999999998,174.728425
190.86899999999997,190.54107666666633,2.059523572121045,189.623,191.393725
176.499,176.67801333333338,1.180133105411794,175.52262499999998,179.178
190.405,188.24978666666672,3.8117008724656722,182.63422500000001,192.22857499999998
190.914,191.0454899999996,0.19767022174992904,190.299,191.368
197.77200000000002,201.7559666666672,7.351917055133005,187.62099999999998,223.68599999999998
228.867,228.61146666666667,1.0975423676965237,224.774,229.431
215.34199999999998,214.93108333333322,3.471791238403537,206.756675,218.99795
202.479,201.1305366666669,2.353514832894738,196.18800000000002,207.112825
182.138,182.41823333333318,0.9058073814129693,180.437525,184.363
167.69799999999998,167.7681433333335,0.18103052078463164,167.463,168.11
165.959,166.1561966666668,0.43976069779167776,165.85199999999998,167.981
194.27,183.46745666666703,1.5617710955158868,180.59974999999997,185.73899999999998
173.53499999999997,173.3179666666666,0.7153951487736617,172.63600000000002,174.534
200.90099999999998,201.233703333333,0.9909719952260152,200.402,203.90497499999998
213.726,213.28655000000046,0.7826709786579075,212.733,214.819
208.963,210.1260733333328,3.8304213111991885,207.078,221.88047499999996
235.69799999999998,235.62520999999973,0.650515005642966,234.446025,236.724
199.161,200.63101000000006,1.7248010097496307,198.19,204.81
155.058,155.72169333333298,1.6155848082419628,154.95,156.83965
171.445,169.58725000000015,1.7905648645515935,166.124175,171.368
225.01500000000001,223.1500699999997,2.467998613944775,218.881,230.7995
182.74,183.93116333333336,0.9316606338445107,182.46790000000001,186.351
178.151,178.34880666666643,0.528579879761695,177.6954,179.026375
164.981,165.41297333333313,0.904906300465536,164.33675,166.97400000000002
166.477,166.0645533333335,1.728535896982055,163.610725,169.9733
170.841,176.56810999999956,8.0590451782185,164.60399999999998,201.12189999999995
171.651,171.15519000000032,3.49846473860082,162.929375,176.548275
193.706,193.7730866666666,2.238087370760034,190.803475,195.757
223.719,223.97875333333334,5.335040140975711,217.92600000000002,238.44199999999998
174.41199999999998,174.50775666666667,2.8204124043814773,171.62099999999998,181.12210000000002
201.677,201.858083333334,0.9211546647490177,200.252675,204.46595
172.63299999999998,171.5692566666666,3.389208133294396,167.47199999999998,179.44989999999999
200.87,201.74972999999972,1.1776905410307639,199.4829,204.45544999999998
235.66900000000004,235.29544666666663,0.6546239738625136,234.41699999999997,236.410675
184.58300000000003,185.48132,1.9594284449638186,182.92827499999999,188.804
164.363,164.8384199999999,0.7580142062872798,164.365,165.87800000000001
151.93699999999998,153.67576666666687,3.670025661884241,151.249,162.83922499999983
239.23700000000002,239.0646066666666,0.2002584628812364,238.675,239.337
163.826,164.222746666667,0.8385092580420433,163.49800000000002,166.25
174.47499999999997,174.50814999999992,0.9406381065532068,172.46699999999998,175.26100000000002
222.15,222.15684999999996,0.13784830128320943,221.744,222.567575
173.5,171.47967666666673,2.424073331974282,168.115,176.96800000000002
227.40900000000002,225.86949999999993,5.61137235115738,204.158675,230.857
185.486,185.56490333333323,1.6842295866821575,184.16299999999998,188.433
163.464,164.92583666666647,4.3713281906062464,160.0102,179.09669999999997
180.332,180.27750333333393,0.6224491009891684,178.966,180.90499999999997
178.47299999999998,178.25189000000012,0.5806900187707745,177.219,178.714
159.039,158.77582999999993,0.29977510642702426,158.308,159.122
239.06999999999996,223.72381666666658,6.293605263259067,211.75799999999998,232.15385
209.13299999999998,205.81412000000074,4.430125969495665,187.615175,208.122
162.79000000000002,160.47036666666628,4.449514891036498,157.538,168.18432499999997
234.661,235.11463333333324,0.5238569259720468,234.61499999999998,236.410325
178.61399999999998,178.4135066666662,1.782016716145566,174.214575,179.634525
223.581,222.5355800000003,2.1326713257321233,217.444,224.124775
189.952,190.71567666666581,2.5399994354570667,185.226,198.54109999999997
202.519,197.50967333333327,8.097649135806162,177.5646,203.9613
155.325,155.5580800000003,0.37269449544275923,155.119,156.56935
182.543,182.25246333333365,0.48051483708159853,182.12935000000002,182.317
187.089,186.95580000000035,2.0922728104464134,181.839125,188.853275
197.485,197.56160666666662,0.7801909671925785,195.542425,198.253
187.63,185.8163666666663,5.249297771977599,177.226,200.829
193.74,197.9110366666666,3.8693681881312574,193.36115,206.84359999999992
197.77800000000002,198.03777333333315,0.4120603782079603,197.818,198.358
168.568,168.73367333333317,0.5881668130348359,167.68099999999998,170.087775
188.00400000000002,188.13788666666662,1.9621470826169514,185.226,191.274
164.709,164.77300333333335,0.09918146662669478,164.7037,164.90699999999998
171.21099999999998,167.5584366666668,2.9521665986168344,163.756,175.6718
237.764,237.71711333333383,0.36939315165401776,236.42322500000003,238.041425
166.56,166.76303666666678,0.44611705712240374,166.37627500000002,167.712
201.18099999999998,201.2456233333332,3.3539007789123527,194.265875,205.66939999999997
148.92900000000003,148.82160333333354,0.38512867891423164,148.357,149.50389999999996
182.85000000000002,187.83810666666648,12.876602522739532,176.362,235.452
200.886,200.79096333333257,0.42086439065597336,200.265,201.782375
216.072,216.2603,1.2095987888552155,215.25732499999998,218.62900000000002
219.32999999999998,218.99956666666588,0.34012564181816834,218.02999999999997,219.31400000000002
212.393,211.60040333333356,1.1050328655695658,207.38,212.384
183.136,186.82936333333325,3.9152598829863448,182.04927500000002,198.61800000000002
174.478,180.4934166666663,13.019384732123692,162.08630000000002,205.12600000000003
191.174,191.3516700000002,3.877244415960902,181.81912499999999,195.757
235.74,235.39502999999993,0.7567572061764593,233.37400000000002,235.80380000000002
168.78499999999997,168.45646666666664,1.028591115177566,166.375,170.2157
156.98000000000002,157.1964266666668,2.836655991002235,155.22944999999999,158.274
169.735,174.40366333333384,4.237639358179151,166.45485,182.34999999999997
175.259,178.4046799999999,4.762832829062976,171.008,189.44812499999998
166.379,166.7181266666664,0.4665334399828439,165.90394999999998,167.507
157.378,158.7635533333335,4.670234981292576,155.30899999999997,173.07765
168.979,167.70396000000002,1.2810640206744826,164.692,170.327
188.688,188.84621333333317,1.387364996851549,187.6911,192.079
179.255,175.78491666666645,9.46304278846867,155.32039999999998,188.251
209.63799999999998,209.57036333333295,1.3958310229592823,208.248,210.528
173.36,173.9661066666661,1.9890853933291976,170.382,179.19895
219.922,219.84124999999975,0.3690882832512218,219.356,220.513
229.034,229.25070666666628,0.18381334904977034,229.06599999999997,229.5866
152.668,152.84335333333254,0.8901822145805656,152.5315,153.016975
193.389,190.37295666666606,5.933918064942884,178.452,197.94567499999994
156.685,156.2841066666668,1.9405246202910054,155.333,159.451
198.90699999999998,197.69119999999987,7.687426097205751,182.306,212.19299999999998
184.94400000000002,184.90615333333304,1.601528772711315,181.849,188.03499999999997
230.356,224.60939666666633,3.238459706813645,219.870425,231.132
151.872,153.08527666666618,1.8417319693128287,149.6046,157.247
234.607,234.79274999999978,0.9822849251447698,233.31974999999997,235.79815
187.886,186.73248333333308,1.906449832294449,181.98800000000003,188.8025
214.82999999999998,215.26904333333343,6.447373566664354,199.00585000000004,224.03500000000003
192.565,192.57944333333396,1.6206655299975437,191.697,196.544
224.443,223.82754,3.282241595068832,221.28674999999998,225.518
188.326,188.3996633333332,1.8941277174438103,186.94695,190.39000000000001
170.984,170.914846666667,0.6151999267085659,170.20705,171.88700000000003
220.67499999999998,220.36806333333357,4.758572875627263,202.066825,225.518
164.01299999999998,164.1173266666674,3.6714322237090125,151.445775,168.78499999999997
166.305,166.8323133333333,0.43137744704866476,166.221,167.98585
185.657,187.93469333333343,6.141498759474123,179.03000000000003,200.446
162.32,162.6960433333333,2.557822666798636,161.135,168.21505
192.922,191.69344666666655,4.338211045329883,179.23137499999999,197.658
216.779,216.80437666666722,0.46866733204077937,215.829975,218.327
189.755,189.93790000000027,0.5710084908884151,189.623,190.58935
236.418,235.97212333333306,0.6534812428745642,234.489675,236.61475
233.973,209.14250333333328,9.782971345318467,185.775325,227.809
165.10500000000002,158.10331999999997,4.839904141364785,154.268,173.84812499999984
198.405,197.93118333333354,3.083068866630928,193.78900000000002,200.65099999999998
202.466,202.5269333333337,0.31937503903022285,202.377,203.491
181.52100000000002,181.91343333333353,1.1130884895440958,181.01999999999998,184.348625
235.94899999999998,236.09236999999993,0.45393112520880835,235.542675,237.59765000000002
235.544,235.8356733333334,0.2724807759987675,235.60200000000003,236.60045
236.641,236.37045000000023,0.6415260198672165,235.18147499999998,236.752
181.014,182.38516666666635,3.947170059534915,179.773,193.67832499999994
180.892,180.38350333333346,2.0778504205040655,175.242175,185.41512499999993
239.18599999999998,239.23898999999986,0.14636712939272672,239.121225,239.37900000000002
171.409,171.1481333333335,1.6790331907248164,168.031,174.619
174.767,174.6308633333331,0.9424699772347606,172.2346,175.836
226.4,225.2861233333334,1.9900689974945314,220.43272500000003,227.107
179.486,180.37575333333317,2.674185508241506,172.512975,184.182
184.07999999999998,186.60446000000036,5.069865763679877,181.817,201.71200000000002
197.53300000000002,196.4725599999996,2.116400341712319,191.75099999999998,200.19600000000003
206.19400000000002,206.04680999999928,1.5757822736342728,204.61465,207.781975
225.24200000000002,225.08553333333393,0.8864225641432107,223.34877500000002,227.024
159.809,161.61138999999991,4.567601772400189,159.57,174.48225
201.01500000000001,200.93030000000002,0.9504369083041072,198.86,203.71800000000002
154.54899999999998,154.90166333333357,6.035606847974951,151.249,174.81699999999998
185.85000000000002,185.56390666666687,1.1778371978428188,183.70315000000002,187.375
225.93200000000002,226.24938999999983,2.5086668646713517,220.07000000000002,229.578
202.798,201.62596333333352,2.9915259052846075,194.321,203.982175
166.487,166.5260799999995,1.3549357476525097,166.204,166.767
230.44,230.33487333333323,0.1390717463118257,230.18800000000002,230.5984
215.147,213.8984166666666,3.331280467986581,210.404,216.04435
205.462,203.87966666666674,2.9392991832899362,194.216,209.798
178.184,187.6125066666663,15.438808215552852,174.59199999999998,235.452
217.375,217.36041000000048,0.37383907665375804,216.68999999999997,217.73839999999998
163.863,164.23541333333364,1.3283373978356892,163.49800000000002,166.73999999999998
206.494,207.59715333333315,3.8512785543447303,201.8302,215.639775
239.269,239.1977833333328,0.1255342040596445,238.92407500000002,239.375
217.043,216.77540333333354,0.9997058170559775,215.15200000000002,218.97969999999998
217.99699999999999,214.63931666666662,7.1031576421843745,188.107675,223.31600000000003
168.21099999999998,168.16066666666694,0.8424861634208316,167.16515,169.784
172.546,172.77397999999974,0.48388012248214285,172.01600000000002,173.835
202.951,203.1816300000006,1.1348119461390929,200.998925,205.754575
172.677,172.73073333333306,0.5261845641555424,172.051625,173.558
169.77,168.9332133333336,1.7266903528105106,164.501,171.368
167.447,167.41545000000002,0.3409662947663092,167.055,167.73499999999999
214.279,214.50213999999963,4.212134762848884,208.61832499999997,224.19979999999998
229.53300000000002,229.65335333333337,0.36094717317389335,229.116,230.614075
202.945,202.94141333333354,0.5969626195630294,201.593,204.148
211.946,211.89123999999944,0.43091442584346196,211.26955,212.431
155.375,155.90346999999986,0.6833354635657883,155.142,157.108
155.93800000000002,155.71166333333335,0.4561204994175223,155.22,156.785
171.177,169.86849666666646,1.287717480656722,167.539,172.369
213.68099999999998,209.36631333333347,1.4752807174078946,206.747,210.164225
164.38199999999998,164.22496333333336,2.104137738359553,161.383,166.0628
188.07600000000002,187.76607666666715,4.929865475932268,180.97899999999998,200.829
235.822,235.9255200000003,0.35484009018148255,235.682,237.269
222.188,222.35334666666697,1.3618853255036647,221.173,224.31084999999996
209.878,208.61492666666703,2.8251167907343033,202.93,212.334
225.38600000000002,225.50836666666655,1.4766285943173234,221.72575,226.828475
183.483,185.24708000000075,2.9634548273257044,181.817,189.317
180.073,180.52592999999987,0.7993268908483794,179.773,182.220875
155.26000000000002,154.07664333333295,1.7635585793471447,150.46097500000002,157.247
172.04500000000002,171.0901500000002,3.114189358538321,167.47500000000002,176.96800000000002
178.541,178.80360999999996,0.86141808542658,176.38977500000001,179.555
185.177,180.81302333333326,2.480909457461565,178.506,188.51600000000002
179.837,175.56164333333342,2.402415267209695,170.400775,179.673
225.83100000000002,227.88466333333315,3.890485884392276,220.07000000000002,234.30899999999997
186.125,184.50712333333357,1.6175733620011081,181.52499999999998,185.75799999999998
155.61700000000002,157.559033333333,3.875424312969558,155.12755,164.96800000000002
205.37,203.98901666666677,2.3982907767245885,198.66457499999999,205.459
239.256,239.2282699999992,0.09722501615667331,238.97500000000002,239.2991
155.582,155.91847333333317,2.5438938216748657,154.877,160.50099999999998
223.44400000000002,223.7723566666668,1.5906154268465484,222.81099999999998,226.834
235.643,235.75668666666684,0.2717273299140569,235.60199999999998,236.55262500000003
181.877,181.84622333333328,1.5035092018748053,178.0038,183.72172500000002
171.787,171.64982333333376,1.8490580806063275,168.2533,176.947575
230.281,230.27417666666622,0.27127859994641973,229.410925,230.855
224.43,224.22115666666664,0.8087921769252928,222.162675,226.15764999999993
239.27000000000004,241.59180000000046,6.709735249123718,226.432975,250.457
237.124,236.22437666666664,1.474412920947025,232.54400000000004,238.54254999999998
180.583,180.80722333333418,1.269611893502191,179.773,185.161
201.695,200.7887433333335,1.3684451094054013,197.527,203.47400000000002
184.952,178.18598333333316,3.5363114431644136,169.819,188.09199999999998
242.974,204.27337666666682,9.759307303703588,180.68375,227.809
215.849,215.25230666666675,2.4638570858085234,212.8839,216.426
222.625,223.20893000000055,1.1250300996417788,222.306,226.226
195.665,199.02899999999954,3.8358750579235474,192.18900000000002,207.382
230.35500000000002,230.3718233333332,0.24184384518848812,230.167525,230.96400000000003
200.92499999999998,200.12646000000015,1.3634170119226172,196.11135000000002,201.983
223.354,223.58484999999982,1.0944130272281372,222.35700000000003,226.77799999999996
181.229,181.46968666666652,1.6659065745579968,179.552,185.15577499999998
205.826,205.8128766666666,0.7202276733474979,204.02800000000002,207.707
192.175,192.14072666666644,5.778538902290862,182.306,203.4507
182.41899999999998,183.0390633333338,0.7975388387547175,182.017,184.16299999999998
172.491,173.2118400000002,2.1481039036942917,170.584,176.498
176.44400000000002,175.04558666666705,4.730994285470615,161.14935,180.913
165.536,165.13036999999986,0.40005267124051125,164.22232499999998,165.48600000000002
192.421,192.16179333333412,1.6875518709920865,191.301125,192.949
190.84500000000003,191.11383333333376,1.8374528979601665,190.33100000000002,191.697
210.379,209.87175333333346,0.49759109633870363,208.50099999999998,210.429275
157.947,159.5921099999997,1.6426269543731937,156.746725,161.973
214.882,209.80026999999973,11.584593718545612,184.943,218.75187499999998
237.66199999999998,237.63621000000057,0.36231251597665387,236.12099999999998,238.011
167.572,167.07992666666658,0.4546339200817432,166.381,168.05700000000002
170.849,170.5181800000004,2.615002042242671,166.27955,177.09957500000002
180.73000000000002,180.21275333333344,1.795157329917233,177.24099999999999,184.027075
188.673,186.77024333333364,6.529465789592258,181.817,203.48184999999995
159.25,158.7820700000001,0.42615550968318433,157.912775,159.122
235.231,235.49134000000015,0.41168407515148486,235.18199999999993,236.702
202.903,202.48138666666694,1.0783846517618652,202.15499999999997,203.624275
157.92600000000002,156.37745000000007,2.7494585456352425,154.558,163.27100000000002
224.339,224.1764466666665,0.2869314676983947,223.287475,224.563
195.462,195.4330266666666,1.4266162480810654,189.13400000000001,197.189575
195.828,198.47249666666707,1.8168759056841324,196.042,201.483
164.60600000000002,164.74822666666643,0.1498465947412764,164.64479999999998,165.051675
212.828,212.91660666666596,0.2743890035859497,212.242425,213.365
230.454,230.42095333333398,0.1339403268457858,230.09505000000001,230.65300000000002
239.16199999999998,239.17490666666703,0.13197539400290753,238.86499999999998,239.322725
185.562,185.18129333333366,1.324482248763226,183.63000000000002,186.90315000000004
169.79200000000003,169.54932333333326,0.8189348277623965,168.172,170.851925
148.5,149.523866666667,3.451846633647301,147.831775,158.70800000000003
187.309,186.25180333333296,2.3315950044241314,183.525,189.3185
162.538,162.33856666666688,0.28803852558680554,162.24800000000002,162.43800000000002
152.106,152.6878966666667,1.4949792036420513,151.071,156.49962499999998
222.66700000000003,222.90020333333376,1.7881065782895114,220.756775,228.4746
167.696,167.60731000000044,0.26334040182496227,167.3064,167.73499999999999
202.03499999999997,201.50609333333298,4.235796646593054,188.961125,204.18300000000002
188.458,188.90301999999969,3.5693958386445943,186.38799999999998,202.1181249999999
193.72000000000003,196.02984333333328,2.458819623068931,193.36115,201.69299999999998
182.98,189.2836266666667,18.361037223805077,156.38299999999998,235.452
232.61599999999999,231.8569299999999,1.1822663962773692,229.89299999999997,233.84805
228.13500000000002,227.6023099999998,0.9839197395621205,225.4656,228.57599999999996
181.787,185.74429333333308,5.161322650957685,177.669,192.422
170.166,170.7344433333335,2.326851119744355,168.549,175.89377499999998
166.0,166.29268999999996,0.7520424149607524,165.85199999999998,168.303
181.546,182.72461666666698,2.9385711124721015,179.93099999999998,188.31295
157.278,157.81398999999973,1.0682881024798496,156.549,160.14137499999995
198.094,198.2540766666666,2.548707741344403,196.97,199.207
206.017,205.5061566666671,2.2447673210057975,197.90290000000002,207.99535
201.31199999999998,201.15441000000007,0.8310021150594833,198.784,202.051
183.994,183.6242766666663,2.773805122953347,176.19795,188.804
180.0,180.02048666666738,1.985653844410504,179.244675,180.874075
165.08599999999998,164.83278000000007,0.7437384519663702,163.554,165.889
158.499,158.48059333333342,0.2857653022246669,157.96937499999999,159.01
165.29700000000003,164.95085333333344,0.4472510612868584,164.351225,165.5839
181.118,181.17374666666709,0.4765366119081415,180.486,182.017
217.531,217.59750999999997,0.4660367402183373,216.69,218.327
199.344,199.2200466666666,2.3250057170873526,195.578,203.571075
205.512,205.43191666666658,0.41457571450285713,204.1773,205.958
163.98899999999998,165.41370333333305,3.685204321154474,163.852,179.733475
169.636,168.54133333333363,3.301682800566337,161.39339999999999,171.879
235.26900000000003,235.5266300000003,0.4906906626718455,235.176,236.782
203.485,200.32922666666656,7.962763628830273,177.174,208.122
223.143,222.77570666666668,0.7199813705614582,220.4544,223.768
157.716,156.80907,2.5711095746972723,151.54007499999997,158.25975
237.29500000000002,237.29728333333333,0.232979977084341,236.2639,237.498
224.997,224.16318999999936,5.654039113226938,202.0357,230.199
230.57899999999998,217.49043666666665,13.689351985125366,198.19,238.42300000000003
152.68400000000003,152.82277333333272,0.797700011672448,152.55700000000002,153.5352
171.66500000000002,171.33886666666706,2.584129077443482,168.499,178.154725
185.267,188.15913000000006,9.519101230321075,176.362,212.36579999999984
222.22299999999998,222.11015666666628,0.7548339986086722,220.21779999999998,223.787
238.257,238.91133000000016,1.8393785783338168,238.338625,242.22400000000002
208.536,209.37557666666632,1.6977098232979089,206.747,212.384
187.022,194.8578833333332,5.530390702568455,185.528975,203.14637499999998
217.26999999999998,218.06117666666688,3.28787438306102,212.815,225.66999999999996
209.689,209.7051633333333,0.3853478385245656,208.748,210.16185
200.385,196.44763333333302,13.261132047663049,152.430125,204.27700000000002
234.546,235.00555333333307,0.6664871545315402,233.38065,235.787
235.325,235.50579333333332,0.6552958751247857,235.176,236.782
160.844,176.17173000000014,22.74872693340076,128.593,203.783
